{"cameraMode":{"drawMode":0,"name":"Shaded","section":"Shading Mode"},"sceneLighting":true,"audioPlay":false,"sceneViewState":{"m_AlwaysRefresh":false,"showFog":true,"showSkybox":true,"showFlares":true,"showImageEffects":true,"showParticleSystems":true,"showVisualEffectGraphs":true,"m_FxEnabled":true},"in2DMode":false,"pivot":{"x":-0.17511999607086183,"y":0.1440763771533966,"z":0.9599279165267944},"rotation":{"x":-0.06967541575431824,"y":0.2637234926223755,"z":-0.019102977588772775,"w":-0.96188884973526},"size":4.427334785461426,"orthographic":false}